FirstName,LastName,Gender
Emma,SMITH,F
Madison,JOHNSON,F
Abigail,WILLIAMS,F
Olivia,BROWN,F
Isabella,JONES,F
Hannah,MILLER,F
Samantha,DAVIS,F
Ava,GARCIA,F
Ashley,RODRIGUEZ,F
Sophia,WILSON,F
Elizabeth,MARTINEZ,F
Alexis,ANDERSON,F
Grace,TAYLOR,F
Sarah,THOMAS,F
Alyssa,HERNANDEZ,F
Mia,MOORE,F
Natalie,MARTIN,F
Chloe,JACKSON,F
Brianna,THOMPSON,F
Lauren,WHITE,F
Ella,LOPEZ,F
Anna,LEE,F
Taylor,GONZALEZ,F
Kayla,HARRIS,F
Hailey,CLARK,F
Jessica,LEWIS,F
Victoria,ROBINSON,F
Jasmine,WALKER,F
Sydney,PEREZ,F
Julia,HALL,F
Destiny,YOUNG,F
Morgan,ALLEN,F
Kaitlyn,SANCHEZ,F
Savannah,WRIGHT,F
Katherine,KING,F
Alexandra,SCOTT,F
Rachel,GREEN,F
Lily,BAKER,F
Megan,ADAMS,F
Kaylee,NELSON,F
Jennifer,HILL,F
Angelina,RAMIREZ,F
Makayla,CAMPBELL,F
Allison,MITCHELL,F
Brooke,ROBERTS,F
Maria,CARTER,F
Trinity,PHILLIPS,F
Lillian,EVANS,F
Mackenzie,TURNER,F
Faith,TORRES,F
Sofia,PARKER,F
Riley,COLLINS,F
Haley,EDWARDS,F
Gabrielle,STEWART,F
Nicole,FLORES,F
Kylie,MORRIS,F
Katelyn,NGUYEN,F
Zoe,MURPHY,F
Paige,RIVERA,F
Gabriella,COOK,F
Jenna,ROGERS,F
Kimberly,MORGAN,F
Stephanie,PETERSON,F
Alexa,COOPER,F
Avery,REED,F
Andrea,BAILEY,F
Leah,BELL,F
Madeline,GOMEZ,F
Nevaeh,KELLY,F
Evelyn,HOWARD,F
Maya,WARD,F
Mary,COX,F
Michelle,DIAZ,F
Jada,RICHARDSON,F
Sara,WOOD,F
Audrey,WATSON,F
Brooklyn,BROOKS,F
Vanessa,BENNETT,F
Amanda,GRAY,F
Ariana,JAMES,F
Rebecca,REYES,F
Caroline,CRUZ,F
Amelia,HUGHES,F
Mariah,PRICE,F
Jordan,MYERS,F
Jocelyn,LONG,F
Arianna,FOSTER,F
Isabel,SANDERS,F
Marissa,ROSS,F
Autumn,MORALES,F
Melanie,POWELL,F
Aaliyah,SULLIVAN,F
Gracie,RUSSELL,F
Claire,ORTIZ,F
Isabelle,JENKINS,F
Molly,GUTIERREZ,F
Mya,PERRY,F
Diana,BUTLER,F
Katie,BARNES,F
Leslie,FISHER,F
Amber,HENDERSON,F
Danielle,COLEMAN,F
Melissa,SIMMONS,F
Sierra,PATTERSON,F
Madelyn,JORDAN,F
Addison,REYNOLDS,F
Bailey,HAMILTON,F
Catherine,GRAHAM,F
Gianna,KIM,F
Amy,GONZALES,F
Erin,ALEXANDER,F
Jade,RAMOS,F
Angela,WALLACE,F
Gabriela,GRIFFIN,F
Jacqueline,WEST,F
Shelby,COLE,F
Kennedy,HAYES,F
Lydia,CHAVEZ,F
Alondra,GIBSON,F
Adriana,BRYANT,F
Daniela,ELLIS,F
Natalia,STEVENS,F
Breanna,MURRAY,F
Kathryn,FORD,F
Briana,MARSHALL,F
Ashlyn,OWENS,F
Rylee,MCDONALD,F
Eva,HARRISON,F
Kendall,RUIZ,F
Peyton,KENNEDY,F
Ruby,WELLS,F
Alexandria,ALVAREZ,F
Sophie,WOODS,F
Charlotte,MENDOZA,F
Reagan,CASTILLO,F
Valeria,OLSON,F
Christina,WEBB,F
Summer,WASHINGTON,F
Kate,TUCKER,F
Mikayla,FREEMAN,F
Naomi,BURNS,F
Layla,HENRY,F
Miranda,VASQUEZ,F
Laura,SNYDER,F
Ana,SIMPSON,F
Angel,CRAWFORD,F
Alicia,JIMENEZ,F
Daisy,PORTER,F
Ciara,MASON,F
Margaret,SHAW,F
Aubrey,GORDON,F
Zoey,WAGNER,F
Skylar,HUNTER,F
Genesis,ROMERO,F
Payton,HICKS,F
Courtney,DIXON,F
Kylee,HUNT,F
Kiara,PALMER,F
Alexia,ROBERTSON,F
Jillian,BLACK,F
Lindsey,HOLMES,F
Mckenzie,STONE,F
Karen,MEYER,F
Giselle,BOYD,F
Mariana,MILLS,F
Valerie,WARREN,F
Sabrina,FOX,F
Alana,ROSE,F
Serenity,RICE,F
Kelsey,MORENO,F
Cheyenne,SCHMIDT,F
Juliana,PATEL,F
Lucy,FERGUSON,F
Kelly,NICHOLS,F
Sadie,HERRERA,F
Bianca,MEDINA,F
Kyra,RYAN,F
Nadia,FERNANDEZ,F
Lilly,WEAVER,F
Caitlyn,DANIELS,F
Jasmin,STEPHENS,F
Ellie,GARDNER,F
Hope,PAYNE,F
Cassandra,KELLEY,F
Jazmin,DUNN,F
Crystal,PIERCE,F
Jordyn,ARNOLD,F
Cassidy,TRAN,F
Delaney,SPENCER,F
Liliana,PETERS,F
Angelica,HAWKINS,F
Caitlin,GRANT,F
Kyla,HANSEN,F
Jayla,CASTRO,F
Adrianna,HOFFMAN,F
Tiffany,HART,F
Abby,ELLIOTT,F
Carly,CUNNINGHAM,F
Chelsea,KNIGHT,F
Camila,BRADLEY,F
Erica,CARROLL,F
Makenzie,HUDSON,F
Karla,DUNCAN,F
Cadence,ARMSTRONG,F
Paris,BERRY,F
Veronica,ANDREWS,F
Mckenna,JOHNSTON,F
Brenda,RAY,F
Bella,LANE,F
Maggie,RILEY,F
Karina,CARPENTER,F
Esmeralda,PERKINS,F
Erika,AGUILAR,F
Makenna,SILVA,F
Julianna,RICHARDS,F
Elena,WILLIS,F
Mallory,MATTHEWS,F
Jamie,CHAPMAN,F
Alejandra,LAWRENCE,F
Cynthia,GARZA,F
Ariel,VARGAS,F
Vivian,WATKINS,F
Jayden,WHEELER,F
Amaya,LARSON,F
Dakota,CARLSON,F
Elise,HARPER,F
Haylee,GEORGE,F
Josephine,GREENE,F
Aniyah,BURKE,F
Bethany,GUZMAN,F
Keira,MORRISON,F
Aliyah,MUNOZ,F
Laila,JACOBS,F
Camryn,OBRIEN,F
Fatima,LAWSON,F
Reese,FRANKLIN,F
Annabelle,LYNCH,F
Monica,BISHOP,F
Lindsay,CARR,F
Kira,SALAZAR,F
Selena,AUSTIN,F
Macy,MENDEZ,F
Hanna,GILBERT,F
Heaven,JENSEN,F
Clara,WILLIAMSON,F
Katrina,MONTGOMERY,F
Jazmine,HARVEY,F
Jadyn,OLIVER,F
Stella,HOWELL,F
Jacob,DEAN,M
Michael,HANSON,M
Joshua,WEBER,M
Matthew,GARRETT,M
Ethan,SIMS,M
Andrew,BURTON,M
Daniel,FULLER,M
Anthony,SOTO,M
Christopher,MCCOY,M
Joseph,WELCH,M
William,CHEN,M
Alexander,SCHULTZ,M
Ryan,WALTERS,M
David,REID,M
Nicholas,FIELDS,M
Tyler,WALSH,M
James,LITTLE,M
John,FOWLER,M
Jonathan,BOWMAN,M
Nathan,DAVIDSON,M
Samuel,MAY,M
Christian,DAY,M
Noah,SCHNEIDER,M
Dylan,NEWMAN,M
Benjamin,BREWER,M
Logan,LUCAS,M
Brandon,HOLLAND,M
Gabriel,WONG,M
Zachary,BANKS,M
Jose,SANTOS,M
Elijah,CURTIS,M
Angel,PEARSON,M
Kevin,DELGADO,M
Jack,VALDEZ,M
Caleb,PENA,M
Justin,RIOS,M
Austin,DOUGLAS,M
Evan,SANDOVAL,M
Robert,BARRETT,M
Thomas,HOPKINS,M
Luke,KELLER,M
Mason,GUERRERO,M
Aidan,STANLEY,M
Jackson,BATES,M
Isaiah,ALVARADO,M
Jordan,BECK,M
Gavin,ORTEGA,M
Connor,WADE,M
Aiden,ESTRADA,M
Isaac,CONTRERAS,M
Jason,BARNETT,M
Cameron,CALDWELL,M
Hunter,SANTIAGO,M
Jayden,LAMBERT,M
Juan,POWERS,M
Charles,CHAMBERS,M
Aaron,NUNEZ,M
Lucas,CRAIG,M
Luis,LEONARD,M
Owen,LOWE,M
Landon,RHODES,M
Diego,BYRD,M
Brian,GREGORY,M
Adam,SHELTON,M
Adrian,FRAZIER,M
Kyle,BECKER,M
Eric,MALDONADO,M
Ian,FLEMING,M
Nathaniel,VEGA,M
Carlos,SUTTON,M
Alex,COHEN,M
Bryan,JENNINGS,M
Jesus,PARKS,M
Julian,MCDANIEL,M
Sean,WATTS,M
Carter,BARKER,M
Hayden,NORRIS,M
Jeremiah,VAUGHN,M
Cole,VAZQUEZ,M
Brayden,HOLT,M
Wyatt,SCHWARTZ,M
Chase,STEELE,M
Steven,BENSON,M
Timothy,NEAL,M
Dominic,DOMINGUEZ,M
Sebastian,HORTON,M
Xavier,TERRY,M
Jaden,WOLFE,M
Jesse,HALE,M
Devin,LYONS,M
Seth,GRAVES,M
Antonio,HAYNES,M
Richard,MILES,M
Miguel,PARK,M
Colin,WARNER,M
Cody,PADILLA,M
Alejandro,BUSH,M
Caden,THORNTON,M
Blake,MCCARTHY,M
Carson,MANN,M
Kaden,ZIMMERMAN,M
Jake,ERICKSON,M
Henry,FLETCHER,M
Liam,MCKINNEY,M
Victor,PAGE,M
Riley,DAWSON,M
Ashton,JOSEPH,M
Patrick,MARQUEZ,M
Bryce,REEVES,M
Brady,KLEIN,M
Vincent,ESPINOZA,M
Trevor,BALDWIN,M
Tristan,MORAN,M
Mark,LOVE,M
Jeremy,ROBBINS,M
Oscar,HIGGINS,M
Marcus,BALL,M
Jorge,CORTEZ,M
Parker,LE,M
Kaleb,GRIFFITH,M
Cooper,BOWEN,M
Kenneth,SHARP,M
Garrett,CUMMINGS,M
Joel,RAMSEY,M
Ivan,HARDY,M
Josiah,SWANSON,M
Alan,BARBER,M
Conner,ACOSTA,M
Eduardo,LUNA,M
Paul,CHANDLER,M
Tanner,DANIEL,M
Braden,BLAIR,M
Alexis,CROSS,M
Edward,SIMON,M
Omar,DENNIS,M
Nicolas,OCONNOR,M
Jared,QUINN,M
Peyton,GROSS,M
George,NAVARRO,M
Maxwell,MOSS,M
Cristian,FITZGERALD,M
Francisco,DOYLE,M
Collin,MCLAUGHLIN,M
Nolan,ROJAS,M
Preston,RODGERS,M
Stephen,STEVENSON,M
Ayden,SINGH,M
Gage,YANG,M
Levi,FIGUEROA,M
Dakota,HARMON,M
Micah,NEWTON,M
Eli,PAUL,M
Manuel,MANNING,M
Grant,GARNER,M
Colton,MCGEE,M
Damian,REESE,M
Ricardo,FRANCIS,M
Giovanni,BURGESS,M
Andres,ADKINS,M
Emmanuel,GOODMAN,M
Peter,CURRY,M
Malachi,BRADY,M
Cesar,CHRISTENSEN,M
Javier,POTTER,M
Max,WALTON,M
Hector,GOODWIN,M
Edgar,MULLINS,M
Shane,MOLINA,M
Fernando,WEBSTER,M
Ty,FISCHER,M
Jeffrey,CAMPOS,M
Bradley,AVILA,M
Derek,SHERMAN,M
Travis,TODD,M
Brendan,CHANG,M
Shawn,BLAKE,M
Edwin,MALONE,M
Spencer,WOLF,M
Mario,HODGES,M
Dalton,JUAREZ,M
Erick,GILL,M
Johnathan,FARMER,M
Erik,HINES,M
Jonah,GALLAGHER,M
Donovan,DURAN,M
Leonardo,HUBBARD,M
Wesley,CANNON,M
Elias,MIRANDA,M
Marco,WANG,M
Trenton,SAUNDERS,M
Devon,TATE,M
Brody,MACK,M
Abraham,HAMMOND,M
Jaylen,CARRILLO,M
Bryson,TOWNSEND,M
Josue,WISE,M
Sergio,INGRAM,M
Drew,BARTON,M
Damien,MEJIA,M
Raymond,AYALA,M
Andy,SCHROEDER,M
Dillon,HAMPTON,M
Gregory,ROWE,M
Roberto,PARSONS,M
Roman,FRANK,M
Martin,WATERS,M
Andre,STRICKLAND,M
Jace,OSBORNE,M
Oliver,MAXWELL,M
Miles,CHAN,M
Harrison,DELEON,M
Jalen,NORMAN,M
Corey,HARRINGTON,M
Dominick,CASEY,M
Avery,PATTON,M
Clayton,LOGAN,M
Pedro,BOWERS,M
Israel,MUELLER,M
Calvin,GLOVER,M
Colby,FLOYD,M
Dawson,HARTMAN,M
Cayden,BUCHANAN,M
Jaiden,COBB,M
Taylor,FRENCH,M
Landen,KRAMER,M
Troy,MCCORMICK,M
Julio,CLARKE,M
Trey,TYLER,M
Jaxon,GIBBS,M
Rafael,MOODY,M
Dustin,CONNER,M
Ruben,SPARKS,M
Camden,MCGUIRE,M
Frank,LEON,M
Scott,BAUER,M
Mitchell,NORTON,M
Zane,POPE,M
Payton,FLYNN,M
Kai,HOGAN,M
Keegan,ROBLES,M
Skyler,SALINAS,M
Brett,YATES,M
Johnny,LINDSEY,M
Griffin,LLOYD,M
Marcos,MARSH,M
Derrick,MCBRIDE,M
Drake,OWEN,M
Raul,SOLIS,M
Kaiden,PHAM,M
